complaint_type,borough,request_count,avg_response_hours,median_response_hours,p90_response_hours,same_day_rate,repeat_proxy_rate,avg_repeat_group_count
ABANDONED BIKE,BROOKLYN,120,168.0630138888889,88.28430555555556,357.59869444444445,0.03333333333333333,0.1,3.0416666666666665
ABANDONED VEHICLE,BRONX,1298,4.441581920903955,2.3329166666666667,10.69061111111111,0.8828967642526965,0.33975346687211094,3.5970724191063175
ABANDONED VEHICLE,BROOKLYN,2873,4.142410372432997,1.0863888888888888,5.912166666666667,0.9129829446571528,0.46675948485903235,45.13122171945702
ABANDONED VEHICLE,MANHATTAN,396,1.8296163019079685,0.8897222222222223,3.9918055555555556,0.9494949494949495,0.29545454545454547,2.8585858585858586
ABANDONED VEHICLE,QUEENS,3702,4.020149993997239,1.7111111111111112,8.175111111111114,0.8816855753646677,0.34305780659103186,3.8876283090221504
ABANDONED VEHICLE,STATEN ISLAND,663,2.0018874643874645,1.128611111111111,4.6426111111111155,0.9381598793363499,0.2850678733031674,2.506787330316742
AIR QUALITY,BRONX,111,64.43423423423424,36.86666666666667,139.01666666666668,0.21621621621621623,0.26126126126126126,2.90990990990991
AIR QUALITY,BROOKLYN,319,97.74561128526645,54.21666666666667,216.16666666666666,0.10344827586206896,0.14106583072100312,1.9247648902821317
AIR QUALITY,MANHATTAN,658,62.88776595744681,36.45,144.5966666666667,0.135258358662614,0.541033434650456,141.77659574468086
AIR QUALITY,QUEENS,331,46.216364551863045,25.25,101.91666666666667,0.1782477341389728,0.5347432024169184,65.90332326283988
ANIMAL IN A PARK,BROOKLYN,280,137.0427748015873,1.419722222222222,162.82277777777773,0.8392857142857143,0.6571428571428571,17.303571428571427
ANIMAL IN A PARK,MANHATTAN,212,184.87265985324947,1.4986111111111111,120.44813888888895,0.8301886792452831,0.6886792452830188,14.40566037735849
ANIMAL IN A PARK,QUEENS,121,881.9673783287419,1.3041666666666667,449.5727777777778,0.8264462809917356,0.45454545454545453,4.330578512396694
ANIMAL-ABUSE,BRONX,228,6.028910818713451,1.9965277777777777,9.021694444444446,0.8421052631578947,0.21052631578947367,2.754385964912281
ANIMAL-ABUSE,BROOKLYN,403,2.6591645988420183,1.0952777777777778,5.349722222222223,0.8933002481389578,0.29528535980148884,3.401985111662531
ANIMAL-ABUSE,MANHATTAN,198,1.4451571268237935,0.7666666666666666,3.0644166666666672,0.9494949494949495,0.2222222222222222,3.6161616161616164
ANIMAL-ABUSE,QUEENS,321,3.3598589477327794,1.5075,7.997777777777777,0.8317757009345794,0.22429906542056074,2.987538940809969
APPLIANCE,BRONX,1063,695.9022514894951,378.5961111111111,1674.2309444444447,0.007525870178739417,0.2756349952963311,2.3047977422389465
APPLIANCE,BROOKLYN,891,735.5976636737747,314.495,2026.2652777777778,0.002244668911335578,0.23007856341189675,2.291806958473625
APPLIANCE,MANHATTAN,500,956.4703588888889,425.31097222222223,2367.0773888888893,0.004,0.32,2.542
APPLIANCE,QUEENS,367,738.0675461701484,347.05611111111114,1955.2676666666673,0.008174386920980926,0.22888283378746593,2.1634877384196187
BIKE/ROLLER/SKATE CHRONIC,MANHATTAN,236,0.603243879472693,0.26541666666666663,1.260138888888889,0.9830508474576272,0.7584745762711864,911.3093220338983
BLOCKED DRIVEWAY,BRONX,4010,4.465508451094486,1.8931944444444446,9.245416666666666,0.8314214463840399,0.46234413965087284,3.5316708229426435
BLOCKED DRIVEWAY,BROOKLYN,9120,3.38266176291423,1.0794444444444444,4.8821111111111115,0.8960526315789473,0.42916666666666664,5.014254385964913
BLOCKED DRIVEWAY,MANHATTAN,572,1.3700607031857033,0.7023611111111111,3.056944444444444,0.9388111888111889,0.29895104895104896,2.5944055944055946
BLOCKED DRIVEWAY,QUEENS,10013,2.8976101068610807,1.5166666666666666,6.712833333333335,0.8461000699091181,0.4708878458004594,4.349345850394487
BLOCKED DRIVEWAY,STATEN ISLAND,643,1.6873483670295488,1.0038888888888888,3.77566666666668,0.9222395023328149,0.2130637636080871,2.08398133748056
BOILERS,BRONX,123,265.88586269196026,101.86638888888889,772.7755555555552,0.14634146341463414,0.2032520325203252,2.5853658536585367
BOILERS,BROOKLYN,136,219.61907475490193,86.27194444444444,673.9190277777777,0.20588235294117646,0.04411764705882353,1.2720588235294117
BOILERS,MANHATTAN,146,241.70591514459664,86.72291666666666,709.2593055555556,0.23972602739726026,0.14383561643835616,3.0547945205479454
BROKEN PARKING METER,BROOKLYN,155,128.58181362007167,42.22027777777778,265.2918888888888,0.12258064516129032,0.1032258064516129,1.5225806451612902
BROKEN PARKING METER,MANHATTAN,262,119.73556721798134,47.43736111111111,291.03916666666663,0.09923664122137404,0.08778625954198473,1.4312977099236641
BROKEN PARKING METER,QUEENS,217,181.89538658474146,38.81861111111111,283.59250000000003,0.15668202764976957,0.1336405529953917,1.7511520737327189
BUILDING/USE,BRONX,338,2229.9247690664038,1224.2570833333334,5503.171138888889,0.08579881656804733,0.13313609467455623,2.4289940828402368
BUILDING/USE,BROOKLYN,812,2273.377109332239,1299.1605555555557,6334.422805555553,0.11083743842364532,0.16133004926108374,2.1403940886699506
BUILDING/USE,MANHATTAN,189,1093.4704423868313,513.8886111111111,2117.203944444448,0.12169312169312169,0.13227513227513227,1.7724867724867726
BUILDING/USE,QUEENS,1379,3525.443824429941,2224.9475,8456.953111111112,0.09354604786076867,0.20522117476432197,4.105873821609862
BUILDING/USE,STATEN ISLAND,180,3113.0790324074073,1388.6504166666668,8709.163444444443,0.11666666666666667,0.07777777777777778,1.4222222222222223
COMMERCIAL DISPOSAL COMPLAINT,MANHATTAN,112,187.63851190476188,50.45152777777778,574.8240833333334,0.19642857142857142,0.32142857142857145,2.794642857142857
CONSUMER COMPLAINT,BRONX,523,460.7173682812832,39.99472222222222,758.8907222222222,0.021032504780114723,0.2734225621414914,3.835564053537285
CONSUMER COMPLAINT,BROOKLYN,983,395.4963914321239,43.61333333333334,765.1912777777779,0.028484231943031537,0.2624618514750763,4.92675483214649
CONSUMER COMPLAINT,MANHATTAN,912,364.42040570175436,42.026250000000005,739.6862222222221,0.03618421052631579,0.3125,5.49780701754386
CONSUMER COMPLAINT,QUEENS,810,378.4636152263374,42.62875,774.7421111111111,0.019753086419753086,0.2580246913580247,2.7641975308641977
CONSUMER COMPLAINT,STATEN ISLAND,109,424.6865341488277,27.996111111111112,828.3380555555557,0.01834862385321101,0.1926605504587156,3.385321100917431
CURB CONDITION,BROOKLYN,371,618.4352800239592,334.0155555555556,1308.0177777777778,0.0026954177897574125,0.07008086253369272,1.3908355795148248
CURB CONDITION,MANHATTAN,118,551.7304708097928,325.67555555555555,1022.9625555555555,0.01694915254237288,0.09322033898305085,1.4322033898305084
CURB CONDITION,QUEENS,295,659.3740037664783,443.35527777777776,1385.8994444444443,0.01694915254237288,0.15254237288135594,2.5728813559322035
DAMAGED TREE,BRONX,384,2142.100773292824,95.27013888888888,5471.928805555554,0.07291666666666667,0.21354166666666666,2.3567708333333335
DAMAGED TREE,BROOKLYN,1508,2040.2775390509871,263.12152777777777,4198.554972222222,0.04111405835543767,0.3169761273209549,2.833554376657825
DAMAGED TREE,MANHATTAN,207,667.2466451959206,78.00666666666666,1509.4101111111113,0.1111111111111111,0.21256038647342995,2.1594202898550723
DAMAGED TREE,QUEENS,1756,1940.7811109529234,197.42236111111112,5283.835,0.05125284738041002,0.30637813211845105,2.880979498861048
DAMAGED TREE,STATEN ISLAND,563,1808.1121482139333,117.22916666666667,5715.7267777777815,0.08880994671403197,0.16341030195381884,1.8046181172291296
DEAD ANIMAL,BRONX,131,119.31583757421544,93.08277777777778,264.04,0.030534351145038167,0.16793893129770993,1.7328244274809161
DEAD ANIMAL,BROOKLYN,364,98.97588446275945,55.32472222222222,214.66655555555553,0.024725274725274724,0.25,2.368131868131868
DEAD ANIMAL,QUEENS,318,85.08982354996506,47.44208333333333,192.35358333333332,0.02830188679245283,0.14465408805031446,1.8144654088050314
DEAD ANIMAL,STATEN ISLAND,134,57.605570066335,42.685833333333335,98.10472222222222,0.06716417910447761,0.19402985074626866,2.0
DEAD/DYING TREE,BROOKLYN,289,2432.064451172626,548.4869444444445,7249.500333333326,0.006920415224913495,0.07612456747404844,1.4013840830449826
DEAD/DYING TREE,QUEENS,476,4094.0567139355744,1064.071388888889,13480.68125,0.018907563025210083,0.058823529411764705,1.3739495798319328
DEAD/DYING TREE,STATEN ISLAND,220,3699.60752020202,1137.8244444444445,11716.501694444443,0.05909090909090909,0.031818181818181815,1.2636363636363637
DERELICT VEHICLES,BRONX,1420,32.54578638497653,21.691666666666666,71.95500000000001,0.2443661971830986,0.27887323943661974,2.454929577464789
DERELICT VEHICLES,BROOKLYN,2210,38.626772247360485,24.0,86.70166666666672,0.19049773755656108,0.2918552036199095,2.4828054298642535
DERELICT VEHICLES,MANHATTAN,359,36.872237697307334,21.533333333333335,77.41666666666667,0.08913649025069638,0.22562674094707522,2.2367688022284122
DERELICT VEHICLES,QUEENS,1953,30.265079365079362,18.15,65.92333333333333,0.2913466461853559,0.2524321556579621,2.5816692268305172
DERELICT VEHICLES,STATEN ISLAND,255,47.45934640522876,20.4,114.10333333333331,0.2784313725490196,0.23529411764705882,1.988235294117647
DIRTY CONDITION,BRONX,962,71.21580012705013,27.231805555555557,114.86997222222222,0.17255717255717257,0.31704781704781704,4.297297297297297
DIRTY CONDITION,BROOKLYN,2007,101.18867574600011,35.80833333333333,281.57550000000003,0.13801694070752366,0.28898854010961633,2.856003986048829
DIRTY CONDITION,MANHATTAN,1182,122.99352392366987,25.99736111111111,342.32041666666686,0.1895093062605753,0.3824027072758037,4.2030456852791875
DIRTY CONDITION,QUEENS,1293,68.16655387986594,26.88,141.78899999999996,0.11136890951276102,0.23588553750966745,2.3689095127610207
DIRTY CONDITION,STATEN ISLAND,448,77.61076512896825,27.03013888888889,109.93694444444448,0.15848214285714285,0.36830357142857145,4.323660714285714
DIRTY CONDITIONS,BRONX,249,153.61880856760376,58.86666666666667,322.32000000000073,0.03614457831325301,0.14859437751004015,1.8674698795180722
DIRTY CONDITIONS,BROOKLYN,509,321.67003929273085,91.83333333333333,1141.0199999999993,0.03536345776031434,0.1512770137524558,1.6738703339882122
DIRTY CONDITIONS,MANHATTAN,231,116.68080808080808,59.63333333333333,285.1166666666667,0.05194805194805195,0.23376623376623376,1.878787878787879
DIRTY CONDITIONS,QUEENS,423,254.14736012608353,72.13333333333334,842.2600000000001,0.02127659574468085,0.13002364066193853,1.8274231678486998
DIRTY CONDITIONS,STATEN ISLAND,164,146.69603658536585,28.71666666666667,287.6483333333344,0.018292682926829267,0.3048780487804878,3.548780487804878
DOOR/WINDOW,BRONX,2124,576.1342501046245,275.20624999999995,1442.6827500000002,0.010357815442561206,0.461864406779661,4.593220338983051
DOOR/WINDOW,BROOKLYN,1785,594.9006557734205,291.84833333333336,1453.7070000000017,0.009523809523809525,0.38599439775910366,3.033613445378151
DOOR/WINDOW,MANHATTAN,1229,881.5009354940784,337.31416666666667,2290.684111111112,0.009764035801464606,0.42148087876322216,3.433685923515053
DOOR/WINDOW,QUEENS,693,526.2249779541446,242.58833333333334,1257.1533888888916,0.024531024531024532,0.3318903318903319,2.595959595959596
DOOR/WINDOW,STATEN ISLAND,106,610.0971200209643,257.86833333333334,1316.6475,0.009433962264150943,0.3113207547169811,3.1132075471698113
DRINKING,BRONX,138,1.9530495169082125,0.9130555555555555,4.994166666666667,0.855072463768116,0.5869565217391305,14.405797101449275
DRINKING,BROOKLYN,146,1.597442922374429,0.835,3.965694444444445,0.8424657534246576,0.3561643835616438,3.143835616438356
DRINKING,QUEENS,175,2.151615873015873,1.1588888888888889,5.390888888888888,0.8285714285714286,0.2914285714285714,3.645714285714286
DRUG ACTIVITY,BRONX,152,3.8380171783625734,1.68,9.936527777777778,0.8355263157894737,0.5263157894736842,13.348684210526315
DRUG ACTIVITY,BROOKLYN,160,3.955911458333334,0.8615277777777778,4.345888888888888,0.91875,0.3875,9.35
DRUG ACTIVITY,MANHATTAN,297,1.247716049382716,0.5741666666666667,2.49338888888889,0.9629629629629629,0.6195286195286195,39.85521885521886
DRUG ACTIVITY,QUEENS,1523,0.9327697526811118,0.31472222222222224,1.9782777777777771,0.9704530531845043,0.9527248850952068,460.0091923834537
ELECTRIC,BRONX,1344,481.753597676918,196.47916666666666,1181.9463333333342,0.024553571428571428,0.3861607142857143,4.2961309523809526
ELECTRIC,BROOKLYN,1203,452.63914449986146,175.42277777777778,1039.9392777777778,0.02660016625103907,0.3117206982543641,2.7256857855361596
ELECTRIC,MANHATTAN,661,651.3664414187258,214.9661111111111,1549.9072222222221,0.018154311649016642,0.3827534039334342,3.2829046898638428
ELECTRIC,QUEENS,561,447.0182070707071,152.0572222222222,1132.3366666666666,0.035650623885918005,0.29590017825311943,2.5632798573975046
ELECTRIC,STATEN ISLAND,103,489.7953505933118,199.57472222222222,839.3108888888888,0.009708737864077669,0.17475728155339806,1.8349514563106797
ELECTRONICS WASTE APPOINTMENT,BROOKLYN,120,359.6502777777778,310.0583333333333,718.6616666666666,0.0,0.03333333333333333,1.3166666666666667
ELECTRONICS WASTE APPOINTMENT,QUEENS,145,342.4557471264368,339.1166666666667,568.8100000000001,0.0,0.05517241379310345,1.296551724137931
ELECTRONICS WASTE APPOINTMENT,STATEN ISLAND,553,79.48206751054853,46.95,140.86666666666667,0.0054249547920434,0.081374321880651,1.3960216998191681
ELEVATOR,BRONX,1131,899.9908200707339,492.29527777777776,1979.5941666666668,0.053934571175950484,0.5915119363395226,6.553492484526967
ELEVATOR,BROOKLYN,744,769.1527889784946,491.40236111111113,1779.2294444444447,0.08333333333333333,0.41263440860215056,5.008064516129032
ELEVATOR,MANHATTAN,661,842.6095230290805,536.2705555555556,2004.1697222222222,0.0453857791225416,0.43267776096822996,4.043872919818457
ELEVATOR,QUEENS,398,707.3713260748185,514.7740277777777,1710.8973611111112,0.05025125628140704,0.45226130653266333,4.153266331658291
EMERGENCY RESPONSE TEAM (ERT),BROOKLYN,185,180.85738288288292,60.354166666666664,393.8450555555555,0.10810810810810811,0.12972972972972974,1.6162162162162161
EMERGENCY RESPONSE TEAM (ERT),MANHATTAN,147,135.41875472411186,60.97027777777778,326.50177777777776,0.16326530612244897,0.10204081632653061,1.5714285714285714
EMERGENCY RESPONSE TEAM (ERT),QUEENS,110,134.7956818181818,53.22819444444444,343.60291666666706,0.18181818181818182,0.09090909090909091,1.4090909090909092
ENCAMPMENT,BRONX,216,60.63060442386831,3.0893055555555557,43.74263888888889,0.7361111111111112,0.4861111111111111,5.111111111111111
ENCAMPMENT,BROOKLYN,724,46.4756069674647,1.6680555555555556,26.225222222222257,0.8052486187845304,0.6215469613259669,46.15055248618785
ENCAMPMENT,MANHATTAN,2787,53.62045738149344,1.1172222222222221,66.2920555555556,0.7610333692142088,0.8069608898457122,26.181916038751346
ENCAMPMENT,QUEENS,419,34.350971227791035,2.1461111111111113,32.32788888888888,0.7565632458233891,0.5608591885441527,7.4677804295942725
FLOORING/STAIRS,BRONX,1274,552.7697015088087,259.14750000000004,1395.3633611111113,0.022762951334379906,0.3602825745682888,6.004709576138148
FLOORING/STAIRS,BROOKLYN,1099,513.6802749974725,261.7269444444444,1201.9270555555556,0.009099181073703366,0.3075523202911738,2.626933575978162
FLOORING/STAIRS,MANHATTAN,783,742.5489658720022,311.96194444444444,1869.3234444444474,0.010217113665389528,0.3767560664112388,2.756066411238825
FLOORING/STAIRS,QUEENS,357,499.41139355742297,209.41583333333332,1329.3652222222245,0.01680672268907563,0.25770308123249297,2.2016806722689077
FOOD ESTABLISHMENT,BRONX,146,15202.717028158297,13045.3625,33609.28736111111,0.00684931506849315,0.11643835616438356,1.5273972602739727
FOOD ESTABLISHMENT,BROOKLYN,431,13981.97265790152,9773.021944444445,33773.748611111114,0.009280742459396751,0.14617169373549885,1.8747099767981439
FOOD ESTABLISHMENT,MANHATTAN,531,12610.923253295668,7982.466111111111,31823.970833333333,0.007532956685499058,0.160075329566855,2.463276836158192
FOOD ESTABLISHMENT,QUEENS,356,12366.145173220973,8292.264166666668,31287.20138888889,0.0028089887640449437,0.19382022471910113,3.002808988764045
FOOD POISONING,MANHATTAN,157,515.142940552017,48.000277777777775,1699.5149444444453,0.21656050955414013,0.025477707006369428,1.127388535031847
FOR HIRE VEHICLE COMPLAINT,BROOKLYN,365,1844.6112283105024,1477.8908333333334,3521.7196111111116,0.0,0.24383561643835616,2.591780821917808
FOR HIRE VEHICLE COMPLAINT,MANHATTAN,1131,1910.6018852539542,1635.5325,3497.5630555555554,0.0008841732979664014,0.3713527851458886,3.48894783377542
FOR HIRE VEHICLE COMPLAINT,QUEENS,195,2083.4973404558405,1815.3425,4188.797833333333,0.005128205128205128,0.26666666666666666,3.7487179487179487
GENERAL,BRONX,1327,650.4323319099053,337.4372222222222,1713.9316111111116,0.04295403165033911,0.3677467972871138,4.776940467219291
GENERAL,BROOKLYN,1184,648.347540822072,273.60291666666666,1559.6791111111115,0.03125,0.30743243243243246,3.1824324324324325
GENERAL,MANHATTAN,1018,1037.366392163283,394.88680555555555,2933.888222222224,0.0343811394891945,0.4027504911591356,6.395874263261296
GENERAL,QUEENS,468,579.8596533713201,256.5973611111111,1598.6940555555557,0.03418803418803419,0.25854700854700857,3.0277777777777777
GENERAL CONSTRUCTION/PLUMBING,BRONX,532,567.5717632623225,39.34625,1180.3095277777784,0.16353383458646617,0.17857142857142858,1.9661654135338347
GENERAL CONSTRUCTION/PLUMBING,BROOKLYN,2281,988.54785961323,97.69166666666666,2435.694722222222,0.16220955721174923,0.28320911880754057,3.0964489259096886
GENERAL CONSTRUCTION/PLUMBING,MANHATTAN,946,358.9484736903923,28.000972222222224,732.7234722222222,0.18076109936575052,0.2526427061310782,3.035940803382664
GENERAL CONSTRUCTION/PLUMBING,QUEENS,1355,1418.775664616646,310.4436111111111,3876.0756666666666,0.12103321033210332,0.1940959409594096,2.211808118081181
GENERAL CONSTRUCTION/PLUMBING,STATEN ISLAND,308,1211.773317099567,157.34416666666667,2901.5753055555633,0.17857142857142858,0.2435064935064935,3.0551948051948052
GRAFFITI,BRONX,193,3551.3991896948764,457.27416666666664,11785.729888888889,0.16062176165803108,0.29015544041450775,5.181347150259067
GRAFFITI,BROOKLYN,993,4299.017175786058,857.4125,13505.013166666675,0.07150050352467271,0.3001007049345418,2.5458207452165156
GRAFFITI,MANHATTAN,468,3356.184278252612,370.21152777777775,11435.845361111118,0.1452991452991453,0.3525641025641026,2.606837606837607
GRAFFITI,QUEENS,276,3280.8561483494364,575.99875,11451.69263888889,0.2246376811594203,0.16666666666666666,1.9891304347826086
GRAFFITI,STATEN ISLAND,103,1124.2541774541533,0.9563888888888888,1644.8066111111104,0.6699029126213593,0.5728155339805825,7.165048543689321
HEAT/HOT WATER,BRONX,14071,42.5841188141094,37.01722222222222,81.01777777777778,0.15286760002842725,0.8890626110439912,46.074337289460594
HEAT/HOT WATER,BROOKLYN,10648,54.10953598484848,46.13,103.90177777777788,0.11081893313298272,0.7736664162283997,18.50910969196093
HEAT/HOT WATER,MANHATTAN,9052,61.28882637968282,46.06638888888889,99.64730555555556,0.11975254087494476,0.8644498453380468,25.29673000441891
HEAT/HOT WATER,QUEENS,5334,53.215184039495064,46.42194444444445,101.63327777777775,0.11473565804274466,0.7399700037495313,29.501499812523434
HEAT/HOT WATER,STATEN ISLAND,445,54.01468789013733,44.906666666666666,100.18988888888892,0.10112359550561797,0.6134831460674157,8.5438202247191
HOMELESS PERSON ASSISTANCE,BRONX,185,17.595336336336334,2.4758333333333336,11.500611111111109,0.8432432432432433,0.372972972972973,7.178378378378379
HOMELESS PERSON ASSISTANCE,BROOKLYN,585,12.733493827160494,2.6863888888888887,16.171722222222225,0.770940170940171,0.252991452991453,2.6991452991452993
HOMELESS PERSON ASSISTANCE,MANHATTAN,1882,38.24238856417522,3.189583333333333,17.57955555555556,0.7539851222104145,0.5462274176408076,10.08979808714134
HOMELESS PERSON ASSISTANCE,QUEENS,444,12.64483858858859,2.3079166666666664,13.280027777777777,0.8040540540540541,0.32882882882882886,4.301801801801802
HOMELESS STREET CONDITION,MANHATTAN,225,0.9725703703703704,0.41583333333333333,2.426388888888889,0.9688888888888889,0.5155555555555555,5.72
ILLEGAL DUMPING,BRONX,648,166.82789866255143,91.78527777777778,316.1884166666667,0.016975308641975308,0.17592592592592593,1.8225308641975309
ILLEGAL DUMPING,BROOKLYN,1345,139.5863422139612,77.01027777777777,310.575388888889,0.02453531598513011,0.16505576208178438,2.233457249070632
ILLEGAL DUMPING,MANHATTAN,563,216.56562808367872,118.57305555555556,528.2913333333333,0.028419182948490232,0.2202486678507993,4.646536412078153
ILLEGAL DUMPING,QUEENS,1108,103.18751178299237,56.37972222222223,215.7572777777779,0.05144404332129964,0.17689530685920576,2.0550541516245486
ILLEGAL DUMPING,STATEN ISLAND,210,109.01161375661376,49.46680555555555,149.47322222222223,0.07142857142857142,0.08571428571428572,1.5857142857142856
ILLEGAL FIREWORKS,BRONX,406,1.4711391625615764,0.5451388888888888,3.085972222222222,0.8275862068965517,0.42857142857142855,3.899014778325123
ILLEGAL FIREWORKS,BROOKLYN,813,0.6815187235205685,0.39194444444444443,1.3506111111111114,0.8806888068880688,0.4108241082410824,5.992619926199262
ILLEGAL FIREWORKS,MANHATTAN,663,0.6618686106921401,0.295,1.5577777777777793,0.8642533936651584,0.6862745098039216,9.668174962292609
ILLEGAL FIREWORKS,QUEENS,665,27.873470342522975,0.5630555555555555,3.3138333333333345,0.7924812030075188,0.29774436090225564,3.162406015037594
ILLEGAL FIREWORKS,STATEN ISLAND,224,0.6326054067460317,0.37444444444444447,1.1340833333333336,0.9330357142857143,0.29017857142857145,2.455357142857143
ILLEGAL PARKING,BRONX,10166,3.558324644238967,1.754722222222222,8.24375,0.8515640369860319,0.6970293133975999,14.345465276411568
ILLEGAL PARKING,BROOKLYN,24380,2.296012270987148,1.0148611111111112,4.653166666666669,0.904388843314192,0.7150943396226415,34.25442986054143
ILLEGAL PARKING,MANHATTAN,8374,1.438433146246318,0.6713888888888889,2.870777777777777,0.9567709577262957,0.6719608311440172,12.245641270599474
ILLEGAL PARKING,QUEENS,19794,2.8395912060893873,1.4445833333333333,6.731416666666667,0.8345458219662524,0.6771749014852986,27.63024148731939
ILLEGAL PARKING,STATEN ISLAND,1960,1.6197422052154193,0.9541666666666667,3.593944444444446,0.9081632653061225,0.4520408163265306,4.2673469387755105
ILLEGAL POSTING,BROOKLYN,144,81.92939429012345,65.76875000000001,156.26997222222252,0.006944444444444444,0.020833333333333332,1.25
ILLEGAL POSTING,QUEENS,126,74.26691798941799,47.15236111111111,145.575,0.007936507936507936,0.24603174603174602,2.634920634920635
ILLEGAL POSTING,STATEN ISLAND,115,130.23619806763284,72.4588888888889,231.240166666667,0.0782608695652174,0.6608695652173913,8.347826086956522
ILLEGAL TREE DAMAGE,BROOKLYN,210,1723.179976190476,270.1047222222222,3077.307194444443,0.004761904761904762,0.12380952380952381,1.7857142857142858
ILLEGAL TREE DAMAGE,QUEENS,128,5300.6393033854165,2407.0908333333336,15530.080555555554,0.0078125,0.0546875,1.3125
INDOOR AIR QUALITY,BRONX,159,30.849026904262754,12.750555555555556,47.534555555555556,0.4716981132075472,0.11949685534591195,1.9056603773584906
INDOOR AIR QUALITY,BROOKLYN,297,43.63030209502431,13.221111111111112,61.32094444444445,0.45791245791245794,0.16498316498316498,1.9461279461279462
INDOOR AIR QUALITY,MANHATTAN,281,26.021830763147488,15.323888888888888,65.7311111111111,0.398576512455516,0.1494661921708185,1.6797153024911031
INDOOR AIR QUALITY,QUEENS,231,25.55960918710919,12.177777777777777,53.84222222222222,0.39826839826839827,0.35064935064935066,11.93939393939394
LEAD,BRONX,186,110.20492831541218,26.46666666666667,344.43333333333334,0.053763440860215055,0.04838709677419355,1.2741935483870968
LEAD,BROOKLYN,743,125.90870345446389,35.25,448.1766666666668,0.07537012113055182,0.06729475100942127,1.3364737550471064
LEAD,MANHATTAN,405,77.74341563786008,25.216666666666665,212.70333333333343,0.1111111111111111,0.04938271604938271,1.4419753086419753
LEAD,QUEENS,536,119.01657338308458,35.45,400.76666666666665,0.06529850746268656,0.06343283582089553,1.330223880597015
LITTER BASKET REQUEST,BROOKLYN,134,125.70321932006634,56.463611111111106,309.97541666666666,0.05223880597014925,0.14925373134328357,2.3507462686567164
LITTER BASKET REQUEST,MANHATTAN,120,320.41419444444443,179.5263888888889,684.1619444444445,0.0,0.16666666666666666,1.7916666666666667
LOST PROPERTY,MANHATTAN,697,40.035446755938146,21.425555555555555,96.25888888888888,0.3199426111908178,0.10043041606886657,1.4691535150645625
LOST PROPERTY,QUEENS,160,40.45519097222222,27.485555555555557,89.01436111111109,0.26875,0.925,53.7
MAINTENANCE OR FACILITY,BRONX,420,892.1986891534392,270.37083333333334,2903.938111111112,0.0761904761904762,0.5380952380952381,5.654761904761905
MAINTENANCE OR FACILITY,BROOKLYN,1017,2266.5821083251394,697.0147222222222,6224.472388888887,0.02261553588987217,0.6578171091445427,14.777777777777779
MAINTENANCE OR FACILITY,MANHATTAN,743,1291.4670573500823,272.2658333333333,4711.390500000005,0.05787348586810229,0.6325706594885598,9.900403768506056
MAINTENANCE OR FACILITY,QUEENS,590,4758.0156539548025,2484.3806944444445,12569.82525000001,0.059322033898305086,0.5474576271186441,6.520338983050848
MAINTENANCE OR FACILITY,STATEN ISLAND,152,259.81912280701755,24.69638888888889,172.51897222222223,0.26973684210526316,0.3355263157894737,2.6447368421052633
MISSED COLLECTION,BRONX,433,165.6821208622017,100.48777777777778,387.0641666666667,0.03464203233256351,0.11316397228637413,1.535796766743649
MISSED COLLECTION,BROOKLYN,2014,144.05254758358157,92.21680555555555,318.994,0.019364448857994043,0.17825223435948362,1.7780536246276069
MISSED COLLECTION,MANHATTAN,484,274.267963728191,191.5340277777778,612.818111111111,0.01859504132231405,0.16942148760330578,1.7685950413223142
MISSED COLLECTION,QUEENS,1764,115.87841569035021,73.64166666666667,261.5255,0.04591836734693878,0.15192743764172337,1.6298185941043084
MISSED COLLECTION,STATEN ISLAND,861,125.35394050845271,72.75694444444444,198.30333333333334,0.018583042973286876,0.20209059233449478,1.8931475029036005
MISSED COLLECTION (ALL MATERIALS),BRONX,137,64.72566909975669,48.833333333333336,130.6500000000001,0.08029197080291971,0.06569343065693431,1.2992700729927007
MISSED COLLECTION (ALL MATERIALS),BROOKLYN,816,57.58925653594772,45.84166666666667,120.98333333333333,0.07598039215686274,0.14583333333333334,1.670343137254902
MISSED COLLECTION (ALL MATERIALS),MANHATTAN,130,54.764487179487176,27.208333333333332,121.20166666666668,0.12307692307692308,0.06153846153846154,1.3846153846153846
MISSED COLLECTION (ALL MATERIALS),QUEENS,592,58.16652590090091,43.708333333333336,124.78833333333331,0.12162162162162163,0.09966216216216216,1.4577702702702702
MISSED COLLECTION (ALL MATERIALS),STATEN ISLAND,363,88.03411386593206,67.06666666666666,168.58,0.0440771349862259,0.09917355371900827,1.4931129476584022
MOBILE FOOD VENDOR,BROOKLYN,118,11008.966014595104,6539.852777777778,30115.477416666665,0.0,0.5423728813559322,13.788135593220339
MOBILE FOOD VENDOR,MANHATTAN,257,11192.332865326416,7084.320555555556,29740.33827777778,0.0,0.6575875486381323,30.67704280155642
MOBILE FOOD VENDOR,QUEENS,121,13014.571310835629,7323.339166666667,37641.50722222222,0.0,0.4214876033057851,6.677685950413223
NEW TREE REQUEST,BRONX,226,12056.150800147494,9423.524444444443,27715.804444444446,0.0,0.4646017699115044,17.053097345132745
NEW TREE REQUEST,BROOKLYN,787,13942.544065014825,10756.631388888889,31147.25211111111,0.0,0.3405336721728081,3.282083862770013
NEW TREE REQUEST,MANHATTAN,500,12817.985449444444,9430.685,28701.9405,0.002,0.306,2.734
NEW TREE REQUEST,QUEENS,502,18235.360593182824,14892.323194444445,40663.427472222225,0.00398406374501992,0.2450199203187251,2.4820717131474104
NEW TREE REQUEST,STATEN ISLAND,141,16360.490868794326,17495.869444444445,25941.83111111111,0.0,0.2198581560283688,2.24822695035461
NOISE,BRONX,708,88.86814971751413,57.59166666666667,174.28166666666667,0.12005649717514125,0.2937853107344633,4.555084745762712
NOISE,BROOKLYN,2164,107.03150800985829,61.45,230.29333333333352,0.08364140480591498,0.31608133086876156,3.270794824399261
NOISE,MANHATTAN,2854,110.86900840925018,66.09166666666667,216.66166666666672,0.10301331464611072,0.46636299929922914,4.906797477224948
NOISE,QUEENS,1555,81.23887459807074,40.86666666666667,172.52,0.1665594855305466,0.37942122186495175,30.807073954983924
NOISE,STATEN ISLAND,259,98.66981981981982,54.75,185.62333333333356,0.0888030888030888,0.16216216216216217,2.1505791505791505
NOISE - COMMERCIAL,BRONX,1252,2.3507541267305645,1.0244444444444445,5.577861111111114,0.7835463258785943,0.7148562300319489,18.00638977635783
NOISE - COMMERCIAL,BROOKLYN,2795,1.1941301928046115,0.6588888888888889,2.854999999999998,0.8350626118067979,0.7073345259391771,10.681574239713775
NOISE - COMMERCIAL,MANHATTAN,2874,0.954033093636434,0.5226388888888889,2.0020833333333337,0.8768267223382046,0.7491301322199025,22.069589422407795
NOISE - COMMERCIAL,QUEENS,1954,6.677906715569202,0.7413888888888889,3.5996111111111113,0.8050153531218014,0.7154554759467758,36.57215967246673
NOISE - COMMERCIAL,STATEN ISLAND,187,0.897636660724896,0.5761111111111111,1.9024444444444448,0.8609625668449198,0.6417112299465241,11.598930481283423
NOISE - HELICOPTER,BROOKLYN,357,3411.0924151882978,851.2025,9784.736500000003,0.0392156862745098,0.7591036414565826,108.6890756302521
NOISE - HELICOPTER,MANHATTAN,2113,8541.427744123679,1444.2233333333334,26967.796944444442,0.034074775201135825,0.8873639375295788,83.65168007572173
NOISE - HELICOPTER,QUEENS,783,6613.955964240102,1443.7783333333334,21122.60922222223,0.02554278416347382,0.9680715197956578,299.8058748403576
NOISE - HOUSE OF WORSHIP,QUEENS,176,1.0252320075757575,0.3834722222222222,2.4530555555555553,0.9715909090909091,0.8522727272727273,196.7784090909091
NOISE - PARK,BRONX,257,1.9558646779074795,0.8191666666666667,4.723611111111111,0.8443579766536965,0.6770428015564203,28.63035019455253
NOISE - PARK,BROOKLYN,259,0.905978120978121,0.5325,1.9142777777777786,0.9111969111969112,0.5868725868725869,8.91891891891892
NOISE - PARK,MANHATTAN,395,0.8331251758087201,0.4677777777777778,1.5335000000000005,0.9341772151898734,0.8025316455696202,57.94430379746836
NOISE - PARK,QUEENS,331,1.6762428667338034,0.785,3.4852777777777777,0.8429003021148036,0.7341389728096677,21.419939577039276
NOISE - RESIDENTIAL,BRONX,22035,15.582719221944885,1.4927777777777778,13.884000000000018,0.7561152711595189,0.8848649875198548,7185.592194236442
NOISE - RESIDENTIAL,BROOKLYN,13959,2.022185706553319,0.7072222222222222,3.246333333333335,0.8616663084748191,0.698689017837954,20.918977004083388
NOISE - RESIDENTIAL,MANHATTAN,10017,1.2011890619280556,0.6183333333333333,2.8008888888888888,0.8853948287910552,0.7963462114405511,25.427573125686333
NOISE - RESIDENTIAL,QUEENS,10931,8.071521132558777,0.8958333333333334,4.322777777777778,0.8250846217180496,0.651175555758851,16.856097337846492
NOISE - RESIDENTIAL,STATEN ISLAND,1500,1.0510362962962962,0.6240277777777778,2.3019444444444455,0.8726666666666667,0.5486666666666666,6.496
NOISE - STREET/SIDEWALK,BRONX,7407,2.655047702623644,0.8461111111111111,4.771166666666668,0.813149723234778,0.7895234237883083,27.881868502767652
NOISE - STREET/SIDEWALK,BROOKLYN,5715,1.0971512102653835,0.6016666666666667,2.3884444444444464,0.8624671916010499,0.6230971128608924,12.090988626421698
NOISE - STREET/SIDEWALK,MANHATTAN,8540,0.9206938264376788,0.5101388888888889,2.0738333333333343,0.8894613583138173,0.7980093676814989,26.444145199063232
NOISE - STREET/SIDEWALK,QUEENS,3453,15.889057260996879,0.8058333333333333,3.851333333333334,0.8317405154937735,0.5629887054735013,41.38633072690414
NOISE - STREET/SIDEWALK,STATEN ISLAND,300,0.9032148148148148,0.5623611111111111,2.1898888888888903,0.8666666666666667,0.38333333333333336,6.87
NOISE - VEHICLE,BRONX,2446,2.6407439583901153,0.9530555555555555,5.974722222222223,0.8033524121013901,0.6688470973017171,83.00040883074408
NOISE - VEHICLE,BROOKLYN,2009,1.6244502516453738,0.6338888888888888,2.8169444444444447,0.89198606271777,0.45893479342956695,7.239920358387257
NOISE - VEHICLE,MANHATTAN,2109,0.9835357726147199,0.5072222222222222,2.120277777777779,0.8980559506875296,0.5827406353722143,14.878615457562827
NOISE - VEHICLE,QUEENS,2486,1.5042337087691071,0.5943055555555556,3.5119444444444445,0.8861625100563154,0.6295253419147224,97.80168946098149
NOISE - VEHICLE,STATEN ISLAND,176,1.0738857323232323,0.6981944444444443,2.6295833333333336,0.8920454545454546,0.42613636363636365,7.630681818181818
NON-EMERGENCY POLICE MATTER,BRONX,693,2.21660734327401,0.7575,5.39916666666668,0.8975468975468975,0.5093795093795094,9.61038961038961
NON-EMERGENCY POLICE MATTER,BROOKLYN,1169,1.7290421537876628,0.5455555555555556,3.1411111111111127,0.9341317365269461,0.43199315654405473,9.813515825491873
NON-EMERGENCY POLICE MATTER,MANHATTAN,1327,0.9089271958469396,0.4266666666666667,2.0932777777777782,0.9751318764129616,0.6232102486812359,86.1688018085908
NON-EMERGENCY POLICE MATTER,QUEENS,1340,1.3557883499170813,0.5451388888888888,3.3735000000000026,0.9373134328358209,0.5477611940298508,19.071641791044776
NON-EMERGENCY POLICE MATTER,STATEN ISLAND,213,1.238774126238915,0.5991666666666666,3.5415000000000023,0.9624413145539906,0.38028169014084506,3.652582159624413
NONCOMPLIANCE WITH PHASED REOPENING,BRONX,155,218.77186200716847,7.788055555555555,730.7131111111108,0.4774193548387097,0.3161290322580645,4.2709677419354835
NONCOMPLIANCE WITH PHASED REOPENING,BROOKLYN,479,262.3861737415913,17.204166666666666,844.0560555555553,0.4154488517745303,0.40292275574112735,3.6597077244258873
NONCOMPLIANCE WITH PHASED REOPENING,MANHATTAN,419,172.44230111376294,5.433333333333334,633.608722222222,0.5059665871121718,0.5035799522673031,4.126491646778043
NONCOMPLIANCE WITH PHASED REOPENING,QUEENS,405,284.55457887517144,44.01833333333333,950.5967777777779,0.32592592592592595,0.49135802469135803,6.688888888888889
OBSTRUCTION,BRONX,186,109.78991636798088,50.363888888888894,284.07444444444445,0.10752688172043011,0.11827956989247312,1.6989247311827957
OBSTRUCTION,BROOKLYN,451,128.74845590046812,50.926944444444445,310.55,0.08647450110864745,0.21507760532150777,3.104212860310421
OBSTRUCTION,MANHATTAN,429,106.98668932918933,31.034166666666668,294.61266666666666,0.20279720279720279,0.3916083916083916,3.731934731934732
OBSTRUCTION,QUEENS,641,89.53187770844167,27.871111111111112,186.0063888888889,0.1060842433697348,0.2574102964118565,2.7254290171606863
OBSTRUCTION,STATEN ISLAND,175,154.27456507936506,36.600833333333334,124.06377777777777,0.14285714285714285,0.21142857142857144,2.12
OTHER ENFORCEMENT,BROOKLYN,102,282.97222222222223,94.76666666666667,575.8566666666668,0.058823529411764705,0.08823529411764706,1.4215686274509804
OUTDOOR DINING,BROOKLYN,145,585.5409157088122,327.53194444444443,1271.5446111111107,0.013793103448275862,0.2896551724137931,2.613793103448276
OUTDOOR DINING,MANHATTAN,400,609.5132590277777,299.8941666666667,1721.7725277777786,0.03,0.465,3.785
OUTDOOR DINING,QUEENS,114,588.6499975633528,293.9761111111111,1463.4498055555555,0.017543859649122806,0.30701754385964913,3.0
OVERGROWN TREE/BRANCHES,BRONX,224,2719.772713293651,310.2727777777778,10255.426833333355,0.013392857142857142,0.11607142857142858,1.5401785714285714
OVERGROWN TREE/BRANCHES,BROOKLYN,687,11264.09900493288,6808.979166666667,29922.3455,0.008733624454148471,0.10334788937409024,1.787481804949054
OVERGROWN TREE/BRANCHES,QUEENS,853,3522.9361462810994,188.30694444444444,12963.538611111111,0.035169988276670575,0.08909730363423213,1.5427901524032825
OVERGROWN TREE/BRANCHES,STATEN ISLAND,367,2394.9815750832577,122.65916666666666,7529.708333333336,0.11716621253405994,0.09809264305177112,1.4959128065395095
PAINT/PLASTER,BRONX,3032,444.2622332160657,196.85944444444442,1056.25375,0.03199208443271768,0.566622691292876,6.217018469656992
PAINT/PLASTER,BROOKLYN,2367,427.03280054452426,174.5811111111111,935.007888888889,0.019011406844106463,0.48500211237853824,3.5496408956485004
PAINT/PLASTER,MANHATTAN,1592,580.2959113274707,197.64263888888888,1339.5154722222233,0.02198492462311558,0.5339195979899497,4.01570351758794
PAINT/PLASTER,QUEENS,908,391.6097861600588,149.69805555555556,957.6936666666672,0.023127753303964757,0.4041850220264317,3.0991189427312777
PAINT/PLASTER,STATEN ISLAND,150,348.25710740740743,167.9036111111111,712.6051111111111,0.02,0.34,2.5533333333333332
PANHANDLING,BRONX,130,3.6672307692307693,1.7697222222222222,7.734055555555557,0.8769230769230769,0.6,9.830769230769231
PANHANDLING,BROOKLYN,140,1.4216944444444444,0.9688888888888889,3.33288888888889,0.9714285714285714,0.5,5.114285714285714
PANHANDLING,MANHATTAN,447,1.108108998260005,0.6022222222222222,2.29138888888889,0.9686800894854586,0.5637583892617449,14.281879194630873
PANHANDLING,QUEENS,100,3.0766444444444443,1.263611111111111,6.6616388888888896,0.91,0.38,5.26
PLUMBING,BRONX,3044,498.31106192509856,216.9177777777778,1240.9864444444459,0.026938239159001315,0.5650459921156373,5.160643889618923
PLUMBING,BROOKLYN,2618,521.8020854553943,196.76236111111112,1284.8991666666677,0.02215431627196333,0.45454545454545453,4.509549274255156
PLUMBING,MANHATTAN,1793,666.2297256305385,215.64638888888888,1736.7372777777778,0.023424428332403793,0.5856107083100948,5.07808142777468
PLUMBING,QUEENS,1225,507.621943537415,167.87166666666667,1364.0027777777807,0.03428571428571429,0.40408163265306124,3.6620408163265306
PLUMBING,STATEN ISLAND,229,638.6133418243571,275.7183333333333,1624.511666666667,0.034934497816593885,0.388646288209607,3.096069868995633
REAL TIME ENFORCEMENT,BROOKLYN,338,101.66764217619986,0.0,62.72944444444445,0.5502958579881657,0.20118343195266272,2.2958579881656807
REAL TIME ENFORCEMENT,MANHATTAN,226,234.27501843657816,0.0,48.60319444444444,0.5265486725663717,0.21238938053097345,2.101769911504425
REAL TIME ENFORCEMENT,QUEENS,108,275.8891975308642,3.4972222222222222,61.582055555555556,0.4722222222222222,0.23148148148148148,1.8703703703703705
REQUEST LARGE BULKY ITEM COLLECTION,BRONX,1115,64.42594917787743,52.63333333333333,110.69333333333334,0.003587443946188341,0.3255605381165919,2.3013452914798207
REQUEST LARGE BULKY ITEM COLLECTION,BROOKLYN,5750,84.00591594202899,60.141666666666666,168.78833333333336,0.0019130434782608696,0.46695652173913044,2.856695652173913
REQUEST LARGE BULKY ITEM COLLECTION,MANHATTAN,1796,92.86788233110616,59.225,180.10833333333332,0.0038975501113585748,0.5629175946547884,3.5562360801781736
REQUEST LARGE BULKY ITEM COLLECTION,QUEENS,5436,104.98796909492273,85.85,181.73333333333332,0.004047093451066961,0.3611111111111111,2.4102281089036057
REQUEST LARGE BULKY ITEM COLLECTION,STATEN ISLAND,1444,74.40369344413666,61.141666666666666,124.245,0.0034626038781163434,0.24238227146814403,1.956371191135734
RESIDENTIAL DISPOSAL COMPLAINT,BRONX,130,68.06788247863247,23.51291666666667,165.752,0.17692307692307693,0.11538461538461539,1.7
RESIDENTIAL DISPOSAL COMPLAINT,BROOKLYN,421,88.31207112694642,47.367777777777775,207.49972222222223,0.10451306413301663,0.17814726840855108,2.332541567695962
RESIDENTIAL DISPOSAL COMPLAINT,MANHATTAN,347,81.759804674992,28.996944444444445,127.60877777777799,0.25360230547550433,0.3314121037463977,4.046109510086455
RESIDENTIAL DISPOSAL COMPLAINT,QUEENS,274,47.12517538523925,27.03944444444444,96.39575,0.11678832116788321,0.17153284671532848,1.7992700729927007
RESIDENTIAL DISPOSAL COMPLAINT,STATEN ISLAND,117,68.65416429249763,44.562777777777775,133.5822777777779,0.09401709401709402,0.24786324786324787,2.2905982905982905
RODENT,BRONX,861,53.819972899728995,0.0,59.35166666666667,0.7735191637630662,0.23693379790940766,3.153310104529617
RODENT,BROOKLYN,1863,124.1268915130912,0.0,250.01133333333323,0.679549114331723,0.28556092324208265,2.5931293612453032
RODENT,MANHATTAN,1324,59.48854229607251,0.0,137.80297222222225,0.6064954682779456,0.41918429003021146,13.787764350453172
RODENT,QUEENS,903,139.96451888765841,0.0,298.42344444444495,0.7674418604651163,0.2248062015503876,2.273532668881506
RODENT,STATEN ISLAND,166,70.28244812583668,0.0,120.6198611111111,0.8132530120481928,0.10843373493975904,1.536144578313253
ROOT/SEWER/SIDEWALK CONDITION,BRONX,153,7000.742913943354,2853.998888888889,19365.44305555556,0.0,0.0915032679738562,3.4379084967320264
ROOT/SEWER/SIDEWALK CONDITION,BROOKLYN,347,8150.41210454691,4563.431666666666,21518.80405555556,0.0,0.07492795389048991,1.377521613832853
ROOT/SEWER/SIDEWALK CONDITION,QUEENS,490,6457.6728769841275,3361.954583333333,18959.271666666667,0.01020408163265306,0.04081632653061224,1.3020408163265307
ROOT/SEWER/SIDEWALK CONDITION,STATEN ISLAND,203,5979.3149069512865,3362.0080555555555,15927.076166666671,0.029556650246305417,0.04433497536945813,1.2857142857142858
SAFETY,BRONX,538,426.39844485749694,193.33722222222224,1038.1005833333338,0.01486988847583643,0.2732342007434944,2.557620817843866
SAFETY,BROOKLYN,481,437.0694184569184,183.38833333333332,965.5247222222222,0.008316008316008316,0.2681912681912682,3.4054054054054053
SAFETY,MANHATTAN,281,693.593722815342,212.65,1878.7405555555556,0.017793594306049824,0.24555160142348753,2.6156583629893237
SAFETY,QUEENS,258,402.727680878553,190.07222222222222,813.4929166666667,0.007751937984496124,0.20930232558139536,2.0387596899224807
SANITATION CONDITION,BRONX,219,71.73036529680365,27.866666666666667,162.2366666666667,0.1095890410958904,0.1095890410958904,1.5114155251141552
SANITATION CONDITION,BROOKLYN,571,57.25391126678342,27.216666666666665,116.73333333333333,0.09457092819614711,0.10683012259194395,1.4833625218914186
SANITATION CONDITION,MANHATTAN,178,46.53895131086142,25.241666666666667,98.64166666666681,0.19662921348314608,0.1797752808988764,1.7752808988764044
SANITATION CONDITION,QUEENS,415,62.08815261044177,26.716666666666665,144.91333333333338,0.13734939759036144,0.10602409638554217,1.5590361445783132
SANITATION CONDITION,STATEN ISLAND,122,74.00314207650273,41.78333333333333,115.33333333333334,0.06557377049180328,0.06557377049180328,1.3278688524590163
SANITATION WORKER OR VEHICLE COMPLAINT,BROOKLYN,110,193.08489141414142,99.49916666666667,500.8805000000001,0.045454545454545456,0.045454545454545456,1.2636363636363637
SEWER,BRONX,452,273.5144542772862,3.7583333333333333,219.75500000000002,0.5575221238938053,0.16592920353982302,1.7787610619469028
SEWER,BROOKLYN,1330,162.4077819548872,3.841666666666667,67.42000000000003,0.6030075187969924,0.17894736842105263,1.9015037593984963
SEWER,MANHATTAN,263,184.3082382762991,3.3333333333333335,143.8,0.5475285171102662,0.1482889733840304,1.6577946768060836
SEWER,QUEENS,1731,217.1773445022145,4.333333333333333,128.5,0.5355285961871751,0.19352975158867705,1.9641825534373194
SEWER,STATEN ISLAND,488,70.67267759562843,5.775,170.60000000000005,0.514344262295082,0.2336065573770492,1.973360655737705
SIDEWALK CONDITION,BRONX,392,314.960731292517,200.61111111111111,650.1711666666666,0.03826530612244898,0.14030612244897958,2.1760204081632653
SIDEWALK CONDITION,BROOKLYN,1343,297.5978315545628,192.88444444444445,670.8411111111111,0.023827252419955324,0.14296351451973194,1.8786299329858527
SIDEWALK CONDITION,MANHATTAN,507,372.772117576156,193.2536111111111,721.2209444444445,0.03155818540433925,0.1242603550295858,1.5917159763313609
SIDEWALK CONDITION,QUEENS,1093,336.631587628342,218.85666666666665,718.9917777777778,0.01738334858188472,0.11985361390667887,1.606587374199451
SIDEWALK CONDITION,STATEN ISLAND,267,311.3267748647524,165.7325,758.7615000000003,0.052434456928838954,0.10112359550561797,1.5280898876404494
SMOKING,BROOKLYN,123,20192.856309846433,19707.273055555557,34927.487111111106,0.0,0.37398373983739835,4.796747967479675
SMOKING,MANHATTAN,115,18693.025736714975,18672.32611111111,33064.17266666667,0.0,0.40869565217391307,8.582608695652175
SNOW OR ICE,BRONX,220,77.32191161616161,72.92069444444445,163.75366666666667,0.18636363636363637,0.32272727272727275,3.459090909090909
SNOW OR ICE,BROOKLYN,598,104.6175422705314,87.73527777777778,231.20844444444447,0.08361204013377926,0.3795986622073579,4.456521739130435
SNOW OR ICE,MANHATTAN,141,65.68304176516942,42.943888888888885,156.4688888888889,0.11347517730496454,0.2907801418439716,3.3333333333333335
SNOW OR ICE,QUEENS,539,71.30540558647702,53.964166666666664,165.7313333333333,0.19851576994434136,0.4044526901669759,4.536178107606679
SNOW OR ICE,STATEN ISLAND,441,41.957385361552035,7.094722222222222,144.4463888888889,0.5215419501133787,0.5578231292517006,6.54875283446712
SPECIAL PROJECTS INSPECTION TEAM (SPIT),BROOKLYN,177,1311.2909761456372,537.3352777777778,2622.393944444446,0.05649717514124294,0.0903954802259887,1.6045197740112995
SPECIAL PROJECTS INSPECTION TEAM (SPIT),MANHATTAN,191,1557.1158158813264,606.2747222222222,4390.2175,0.08376963350785341,0.05759162303664921,1.6020942408376964
SPECIAL PROJECTS INSPECTION TEAM (SPIT),QUEENS,166,1839.860875167336,649.8138888888889,3485.2094444444447,0.0783132530120482,0.09036144578313253,2.36144578313253
STREET CONDITION,BRONX,1190,86.48692600373484,29.27236111111111,223.63958333333383,0.2504201680672269,0.38907563025210085,111.14957983193277
STREET CONDITION,BROOKLYN,2721,117.17726867164849,32.84222222222222,190.7975,0.1113561190738699,0.3649393605292172,108.89231900036751
STREET CONDITION,MANHATTAN,1707,81.29346432988349,25.70611111111111,144.4756666666667,0.1675454012888108,0.4118336262448741,52.69361452841242
STREET CONDITION,QUEENS,3756,109.04744261034197,27.084722222222222,260.87,0.20021299254526093,0.4267838125665602,340.7042066027689
STREET CONDITION,STATEN ISLAND,1098,74.85171574580045,25.25277777777778,205.09063888888917,0.3005464480874317,0.39435336976320584,82.17486338797814
STREET LIGHT CONDITION,BRONX,1099,483.46401273885346,4.666666666666667,486.3200000000005,0.5122838944494995,0.1464968152866242,1.765241128298453
STREET LIGHT CONDITION,BROOKLYN,1186,846.4446599213042,92.85833333333333,1932.275,0.19645868465430016,0.11382799325463744,1.6070826306913997
STREET LIGHT CONDITION,MANHATTAN,709,985.1555477197932,26.4,1633.0900000000013,0.4231311706629055,0.22002820874471085,2.530324400564175
STREET LIGHT CONDITION,QUEENS,1218,740.8801450465243,62.46666666666667,1108.9249999999995,0.30377668308702793,0.10755336617405582,1.7183908045977012
STREET LIGHT CONDITION,STATEN ISLAND,516,479.13039405684754,20.816666666666666,638.55,0.45155038759689925,0.05813953488372093,1.4050387596899225
STREET SIGN - DAMAGED,BROOKLYN,201,675.368851575456,137.12833333333333,2129.2347222222224,0.029850746268656716,0.03980099502487562,1.2487562189054726
STREET SIGN - DAMAGED,MANHATTAN,111,700.9383583583584,99.18694444444445,791.8202777777777,0.08108108108108109,0.036036036036036036,1.2792792792792793
STREET SIGN - DAMAGED,QUEENS,306,979.5681372549019,173.9286111111111,4208.109722222222,0.0457516339869281,0.0784313725490196,1.3529411764705883
STREET SIGN - DANGLING,BROOKLYN,133,397.6689369256474,115.20333333333333,1035.5416666666654,0.03759398496240601,0.045112781954887216,1.2706766917293233
STREET SIGN - DANGLING,QUEENS,205,275.9754647696477,213.1013888888889,372.54144444444444,0.014634146341463415,0.07804878048780488,1.3463414634146342
STREET SIGN - MISSING,BROOKLYN,186,692.6506884707288,164.79319444444445,2295.8058333333333,0.05913978494623656,0.10215053763440861,1.7741935483870968
STREET SIGN - MISSING,QUEENS,220,1674.8972664141413,348.85361111111115,4331.99575,0.07272727272727272,0.16818181818181818,5.713636363636364
STREET SWEEPING COMPLAINT,BRONX,133,164.80969507101085,120.97055555555555,370.4555,0.03759398496240601,0.2556390977443609,2.4962406015037595
STREET SWEEPING COMPLAINT,BROOKLYN,472,146.57272422316385,81.35791666666665,341.96597222222226,0.06567796610169492,0.2033898305084746,4.133474576271187
STREET SWEEPING COMPLAINT,MANHATTAN,105,309.5975846560847,168.04416666666665,608.1225000000004,0.009523809523809525,0.26666666666666666,3.0
STREET SWEEPING COMPLAINT,QUEENS,112,148.1348040674603,73.16055555555556,353.2599722222223,0.026785714285714284,0.16964285714285715,1.7678571428571428
TAXI COMPLAINT,MANHATTAN,358,2189.0037562073244,1911.9618055555557,4158.462750000001,0.0,0.10893854748603352,1.553072625698324
TAXI COMPLAINT,QUEENS,242,2275.549713039486,2058.0479166666664,4057.9509166666667,0.0,0.8429752066115702,87.92561983471074
TRAFFIC,BROOKLYN,199,1.3452638190954773,0.7694444444444445,2.9346666666666676,0.9547738693467337,0.3417085427135678,4.085427135678392
TRAFFIC,MANHATTAN,191,0.6907431646305991,0.39055555555555554,1.5469444444444445,0.9738219895287958,0.3298429319371728,117.78010471204189
TRAFFIC,QUEENS,515,0.9570258899676376,0.365,2.4442222222222227,0.9514563106796117,0.7029126213592233,278.95728155339805
TRAFFIC SIGNAL CONDITION,BRONX,650,100.2591282051282,1.825,43.698333333333366,0.7153846153846154,0.3676923076923077,3.1107692307692307
TRAFFIC SIGNAL CONDITION,BROOKLYN,1990,320.11819932998327,2.183333333333333,113.2550000000009,0.6557788944723618,0.44271356783919597,4.229145728643216
TRAFFIC SIGNAL CONDITION,MANHATTAN,815,124.55595092024541,2.1666666666666665,34.76666666666667,0.698159509202454,0.36319018404907977,3.485889570552147
TRAFFIC SIGNAL CONDITION,QUEENS,1593,296.9193241263863,3.8666666666666667,187.26999999999995,0.5844318895166353,0.44130571249215317,4.483992467043315
TRAFFIC SIGNAL CONDITION,STATEN ISLAND,325,59.17774358974359,1.6833333333333333,22.58333333333334,0.7753846153846153,0.3076923076923077,2.476923076923077
UNSANITARY CONDITION,BRONX,5043,495.473761154075,265.55027777777775,1156.7577777777778,0.014078921277017648,0.6775728732897085,8.602022605591909
UNSANITARY CONDITION,BROOKLYN,4642,544.5301689286226,252.20194444444445,1317.3436944444447,0.011417492460146488,0.5443774235243429,4.210038776389487
UNSANITARY CONDITION,MANHATTAN,2890,874.3012101114956,324.85541666666666,2191.378611111111,0.007612456747404845,0.6020761245674741,5.1740484429065745
UNSANITARY CONDITION,QUEENS,2074,593.5445198489232,257.27625,1575.690916666667,0.01639344262295082,0.4840887174541948,5.154773384763741
UNSANITARY CONDITION,STATEN ISLAND,384,680.0291015624999,355.15277777777777,1707.4119999999996,0.0078125,0.4973958333333333,4.263020833333333
VENDOR ENFORCEMENT,BRONX,127,0.7766535433070867,0.47583333333333333,1.6947222222222222,0.984251968503937,0.48031496062992124,6.425196850393701
VENDOR ENFORCEMENT,BROOKLYN,266,2.9787729741019215,1.23875,1.8723611111111111,0.9285714285714286,0.5112781954887218,8.221804511278195
VENDOR ENFORCEMENT,MANHATTAN,1040,1.0083205128205128,0.5273611111111112,1.784,0.9865384615384616,0.8134615384615385,34.41923076923077
VENDOR ENFORCEMENT,QUEENS,270,1.4212047325102881,1.2084722222222222,1.8725555555555555,0.9740740740740741,0.5851851851851851,7.225925925925926
VIOLATION OF PARK RULES,BRONX,122,13.495052367941712,0.8081944444444444,4.9783333333333335,0.9262295081967213,0.45901639344262296,4.704918032786885
VIOLATION OF PARK RULES,BROOKLYN,143,29.998725718725723,0.6963888888888888,4.818222222222221,0.916083916083916,0.46853146853146854,4.503496503496503
VIOLATION OF PARK RULES,MANHATTAN,234,23.95162274453941,1.0172222222222222,3.8563055555555557,0.9444444444444444,0.594017094017094,20.73076923076923
VIOLATION OF PARK RULES,QUEENS,166,68.28714859437751,0.8669444444444444,3.779861111111111,0.9337349397590361,0.4759036144578313,5.210843373493976
WATER CONSERVATION,BRONX,127,55.635170603674545,14.183333333333334,94.59000000000002,0.3937007874015748,0.08661417322834646,2.0708661417322833
WATER CONSERVATION,BROOKLYN,135,90.25185185185185,19.0,186.16666666666666,0.32592592592592595,0.08888888888888889,1.8444444444444446
WATER CONSERVATION,QUEENS,175,15.898571428571428,5.1,43.97,0.52,0.12,1.7657142857142858
WATER LEAK,BRONX,1837,560.24056689651,257.04583333333335,1435.4139444444445,0.017964071856287425,0.33805117038649973,2.623843222645618
WATER LEAK,BROOKLYN,1763,656.6352806138527,271.6038888888889,1573.7728888888882,0.010777084515031198,0.3272830402722632,2.5587067498581963
WATER LEAK,MANHATTAN,1103,745.4882036365467,305.07722222222225,1974.8357222222257,0.016319129646418858,0.329102447869447,2.5485040797824117
WATER LEAK,QUEENS,599,567.2188406603598,269.37194444444447,1450.2116666666668,0.01001669449081803,0.2303839732888147,2.313856427378965
WATER LEAK,STATEN ISLAND,129,563.8691300602928,309.8625,1109.3344444444444,0.0,0.2558139534883721,2.558139534883721
WATER SYSTEM,BRONX,1983,104.84584804168769,6.633333333333334,192.33666666666667,0.5249621785173979,0.5405950579929399,6.197680282400404
WATER SYSTEM,BROOKLYN,2487,109.10853772952687,5.25,204.22666666666694,0.5613188580619219,0.4527543224768798,5.16043425814234
WATER SYSTEM,MANHATTAN,1312,29.663567073170732,2.2416666666666667,18.22500000000001,0.7484756097560976,0.5289634146341463,6.728658536585366
WATER SYSTEM,QUEENS,2538,129.93466640399265,4.416666666666667,355.6783333333337,0.5543735224586288,0.45587076438140267,5.141843971631205
WATER SYSTEM,STATEN ISLAND,872,54.066418195718654,7.891666666666667,101.36499999999984,0.5642201834862385,0.2408256880733945,2.2477064220183487
